Name,Explanation
Vero,From Latin 'verus' meaning true—aligns with authentic self‑improvement.
Nuro,Evokes 'neuro' and habit pathways in the brain.
Kylo,"Short, memorable, connotes strength and direction."
Zyra,"Unique, energetic, growth‑oriented sound."
Movo,"From ‘move’—activity, momentum, progress."
Halo,"Symbol of health, balance, and positive aura."
Fyla,"Modern, minimal, connotes 'file' or tracking progress."
Olyt,"Short for 'elite', implies striving upward."
Trego,"From 'trêgo' (journey), a nod to personal transformation."
Atri,"Clean, future‑leaning name suggesting upward trajectory."
Pavlo,Derived from 'pavlovian'—habit formation.
Metrik,"Focuses on metrics, tracking, and clarity."
Kairo,Echoes 'kairos'—the right moment for change.
Ardu,From 'arduous' but simplified—effort and resilience.
Bala,Represents balance in health and life.
Fytn,A stylized version of ‘fit in’ or ‘fitness’.
Zuno,"Fresh, crisp, forward energy."
Vanta,"Powerful, bold, evokes depth and focus."
Rivo,Suggests revival and renewal.
Zevi,"Modern and punchy, evokes vitality."
Miazo,"Sounds like ‘measure’, subtle tracking reference."
Striv,"Derived from ‘strive’, capturing effort and goals."
Hiby,"Soft, friendly, hints at habits."
Okra,"Short, unique, with natural/healthy connotation."
Nexa,Futuristic and versatile.
Ryta,Like 'ritual'—daily habits and routine.
Avena,"From ‘oats’; natural, healthy lifestyle."
Kyta,"A crisp, energetic invented word."
Zilo,"Minimalist, smooth, evokes calm progress."
Ryla,"Soft, aspirational, and modern."
Fluxo,Represents change and flow.
Boodi,"Friendly, approachable; habit buddy."
Nimto,"Quick, nimble, progress‑focused."
Vylor,Strong and slightly techy.
Aero,"Lightness, vitality, breath."
Syro,"Simple, modern, abstract."
Omiq,"Invented, highly brandable."
Vigo,"Energy, vigor, upward momentum."
Pura,"Clean, pure, healthy intentions."
Tala,Rhythm and movement in several cultures.
Kovo,Bold consonant‑heavy sound.
Stryd,From ‘stride’—progress.
Rixa,"Strong, memorable, sharp sound."
Habi,"Direct nod to habits, but unique."
Vatu,Sounds grounded and strong.
Ova,Represents beginnings and growth.
Motto,Your personal guiding statement.
Atriq,Modernized ‘attire’—preparing yourself.
Lyra,Constellation; guiding stars and direction.
Stiq,Short for ‘stick’—stick to your goals.
Arki,"Foundation, arch, structure."
Tempi,From 'tempo'; pace for habits.
Zygo,Balance and synergy.
Fova,Future‑leaning invented name.
Nalo,"Calm, minimal, wellness vibe."
Vyto,From ‘vital’; energy.
Rumi,"Philosophical, introspective change."
Yaro,"Strong, bright, positive."
Teno,"Consistent, steady progress."
Orix,"Sharp, energetic, memorable."
Korvi,Invented; strength and structure.
Zano,Smooth and modern.
Fylix,Play on ‘felix’ (happy) but more unique.
Orba,Circular theme—cycles and habits.
Nomi,"Identity, self‑owned goals."
Moro,"Momentum, daily forward step."
Vyla,"Warm, aspirational."
Truqi,Playful twist on ‘tricky’—habit mastery.
Evolo,"Evolution, slow improvement."
Lumo,"Light, guidance, visibility."
Govi,"Short, punchy, invented."
Sana,Health in Latin.
Koma,"Calm, simplicity."
Fexo,"Energetic, dynamic."
Teri,"Soft, friendly."
Olyn,Clean and airy.
Vira,"Life, vitality."
Ayto,"Invented, memorable."
Strivo,Striving for better.
Moroq,"Distinct, unusual, memorable."
Belvo,Belief + evolve.
Rivoq,Progress and energy.
Senti,Awareness and mindfulness.
Zylen,Futuristic.
Voro,"Momentum, power."
Kynd,Kindness—health with compassion.
Plen,From ‘plenty’; fullness.
Habtu,Derived from habit.
Tyzr,Invented modern consonant cluster.
Ritmo,Rhythm and consistency.
Ovi,"Minimal, versatile."
Kivra,"Strong, structured."
Vyro,Energy and will.
Etta,"Simple, comforting."
Avo,"Natural, health‑related word."
Mynu,My new self.
Grav,Grounded effort.
Holo,Holistic wellbeing.
Nexo,Connection of habits.
Solyo,"Bright, sun‑like energy."
Tyra,"Strong, concise."
Faro,Beacon; guidance.
Meko,Friendly and soft.
Qivo,"Rare, memorable."
Zantu,"Invented, bold."
Raly,Daily rhythm.
